{
  "results": [
    {
      "command": "/data/projects/frankenredis/target-local/debug/phase2c_schema_gate",
      "mean": 0.0012671140199999999,
      "stddev": 0.00026886252580521136,
      "median": 0.00124576442,
      "user": 0.00045453,
      "system": 0.0008400599999999999,
      "min": 0.0008832904199999998,
      "max": 0.00205479442,
      "times": [
        0.0012561684199999998,
        0.00129300842,
        0.0012890004199999998,
        0.0009131864199999998,
        0.0014171104200000001,
        0.00151791942,
        0.0010806104200000001,
        0.00205479442,
        0.0010386014200000002,
        0.0014219994200000002,
        0.0012225464200000002,
        0.00106046242,
        0.0010208694199999998,
        0.0008832904199999998,
        0.00159867942,
        0.00123536042,
        0.0011783434200000002,
        0.00144437142,
        0.0011074804200000002,
        0.0013084774200000002
      ],
      "exit_codes": [
        1,
        1,
        1,
        1,
        1,
        1,
        1,
        1,
        1,
        1,
        1,
        1,
        1,
        1,
        1,
        1,
        1,
        1,
        1,
        1
      ]
    }
  ]
}
