{
  "results": [
    {
      "command": "artifacts/optimization/phase2c-gate/run_gate_bench.sh",
      "mean": 0.0253820074,
      "stddev": 0.0008280619746874661,
      "median": 0.025328210000000004,
      "user": 0.023048099999999995,
      "system": 0.035640500000000006,
      "min": 0.024148261,
      "max": 0.027521095000000002,
      "times": [
        0.026009536000000003,
        0.025511583,
        0.02500799,
        0.0249919,
        0.026001991000000002,
        0.025337197000000002,
        0.025744779000000002,
        0.025570002,
        0.025482158,
        0.027521095000000002,
        0.024660960000000003,
        0.026898108,
        0.024878007,
        0.025828477000000002,
        0.024482416,
        0.025319223000000002,
        0.025156428,
        0.024797196,
        0.024292841000000003,
        0.024148261
      ],
      "exit_codes": [
        1,
        1,
        1,
        1,
        1,
        1,
        1,
        1,
        1,
        1,
        1,
        1,
        1,
        1,
        1,
        1,
        1,
        1,
        1,
        1
      ]
    }
  ]
}
