{
  "results": [
    {
      "command": "artifacts/optimization/phase2c-gate/run_gate_bench.sh",
      "mean": 0.038657504599999996,
      "stddev": 0.0006943471412625792,
      "median": 0.03861744,
      "user": 0.01845985,
      "system": 0.02305345,
      "min": 0.037345618000000004,
      "max": 0.040135512000000005,
      "times": [
        0.040135512000000005,
        0.039297042000000004,
        0.038156396,
        0.039202225,
        0.037345618000000004,
        0.038701196,
        0.038793359,
        0.038300406,
        0.038475554,
        0.037862066,
        0.037643005,
        0.039346034,
        0.038020141,
        0.038166435000000005,
        0.039339421,
        0.038573298000000006,
        0.0393121,
        0.038518194000000006,
        0.038661582,
        0.039300508000000005
      ],
      "exit_codes": [
        1,
        1,
        1,
        1,
        1,
        1,
        1,
        1,
        1,
        1,
        1,
        1,
        1,
        1,
        1,
        1,
        1,
        1,
        1,
        1
      ]
    }
  ]
}
